RazaoSocial;UF;TotalDespesas;MediaTrimestral;DesvioPadrao
AMIL ASSISTÊNCIA MÉDICA INTERNACIONAL S.A.;SP;196868134997.86;65622711665.95;29594255829.42
NOTRE DAME INTERMÉDICA SAÚDE S.A.;SP;89968507352.89;29989502450.96;15254671752.5
HAPVIDA ASSISTENCIA MEDICA S.A.;CE;88238380836.99;29412793612.33;14348311731.62
CAIXA DE ASSISTÊNCIA DOS FUNCIONÁRIOS DO BANCO DO BRASIL;DF;68067241302.36;22689080434.12;10775151448.75
UNIMED NACIONAL - COOPERATIVA CENTRAL;SP;67446206203.25;22482068734.42;10031911642.85
GEAP AUTOGESTÃO EM SAÚDE;DF;49508828098.9;16502942699.63;7712535206.92
UNIMED BELO HORIZONTE COOPERATIVA DE TRABALHO MÉDICO;MG;49274637816.57;16424879272.19;7918265944.89
PREVENT SENIOR PRIVATE OPERADORA DE SAÚDE LTDA;SP;45203908358.32;15067969452.77;7610477386.26
UNIMED DO EST. DO RJ FEDERAÇÃO EST. DAS COOPERATIVAS MÉDICAS;RJ;43900316404.24;14633438801.41;6008140716.44
UNIMED DE CIANORTE - COOPERATIVA DE TRABALHO MEDICO ;PR;43199597357.94;14399865785.98;77653850.28
UNIMED PORTO ALEGRE - COOPERATIVA MÉDICA LTDA.;RS;32557685318.67;10852561772.89;5350367427.51
UNIMED CURITIBA - SOCIEDADE COOPERATIVA DE MÉDICOS;PR;29644337466.09;9881445822.03;4779241887.03
UNIMED CAMPINAS - COOPERATIVA DE TRABALHO MÉDICO;SP;26271642252.42;8757214084.14;4353581910.45
UNIMED GOIANIA COOPERATIVA DE TRABALHO MÉDICO;GO;22357714681.04;7452571560.35;3426810418.58
UNIMED DE FORTALEZA SOCIEDADE COOPERATIVA MÉDICA LTDA.;CE;22117062164.2;7372354054.73;3623303311.93
OMINT SERVIÇOS DE SAÚDE S.A.;SP;19640590461.59;6546863487.2;3300136747.61
FUNDAÇÃO SAÚDE ITAÚ;MG;19330710334.54;6443570111.51;3024307094.76
CARE PLUS MEDICINA ASSISTENCIAL LTDA.;SP;19043407135.3;6347802378.43;3174074471.82
GRUPO HOSPITALAR DO RIO DE JANEIRO LTDA;RJ;18496575651.34;6165525217.11;2856494078.17
SERV  SOCIAL AUTÔNOMO DE ASSIST À SAÚDE DOS SERV PÚBLICOS E MILITARES DE GOIÁS;GO;18050303438.42;9025151719.21;2131980497.29
UNIMED VITORIA COOPERATIVA DE TRABALHO MEDICO;ES;16618771508.26;5539590502.75;2673805613.93
UNIMED FRANCISCO BELTRAO COOPERATIVA DE TRABALHO MEDICO;PR;16004702390.34;5334900796.78;2807371600.67
FUNDAÇÃO CESP;SP;13611900078.32;4537300026.11;2191582378.02
UNIMED RECIFE COOPERATIVA DE TRABALHO MÉDICO;PE;13447928337.01;4482642779.0;2127641485.33
UNIMED BELÉM COOPERATIVA DE TRABALHO MÉDICO;PA;13028757354.34;4342919118.11;1979576476.75
SAMEDIL SERVIÇOS DE ATENDIMENTO MÉDICO S/A;ES;12870264538.19;4290088179.4;2264427288.41
FUNDAÇÃO ASSISTENCIAL DOS SERVIDORES DO MINISTÉRIO DA FAZENDA;DF;12088789777.02;4029596592.34;1656971527.69
UNIMED CUIABA COOPERATIVA DE TRABALHO MÉDICO;MT;11862596673.52;3954198891.17;1784512484.0
UNIMED DO ESTADO DE SÃO PAULO - FEDERAÇÃO ESTADUAL DAS COOP. MÉDICAS;SP;11858827592.85;3952942530.95;1813109715.61
UNIMED GRANDE FLORIANÓPOLIS-COOPERATIVA DE TRABALHO MEDICO;SC;11704250153.09;3901416717.7;1889454053.71
UNIMED SAO JOSÉ DO RIO PRETO - COOP. DE TRABALHO MÉDICO;SP;11470005744.37;3823335248.12;1873911310.08
BRADESCO SAÚDE - OPERADORA DE PLANOS  S/A;SP;11290181741.06;3763393913.69;1668821526.6
SUL AMÉRICA PARANÁ CLÍNICAS SERVIÇOS DE SAÚDE S.A.;SP;10064650309.18;3354883436.39;1460804051.59
UNIMED NATAL SOC. COOP. DE TRAB. MÉDICO;RN;9934350721.19;3311450240.4;1542169462.52
ASSOCIAÇÃO PETROBRAS DE SAÚDE - APS;RJ;9492632107.74;3164210702.58;1474128888.37
CAIXA BENEFICENTE DOS FUNCIONARIOS DO BANCO DO ESTADO DE SÃO PAULO;SP;9316883833.28;3105627944.43;1630902708.6
NOTRE DAME INTERMÉDICA MINAS GERAIS SAÚDE S.A.;CE;9102611143.02;3034203714.34;1439746875.73
UNIMED DE LONDRINA COOPERATIVA DE TRABALHO MÉDICO;PR;8886393360.46;2962131120.15;1414578233.69
UNIMED-SÃO GONÇALO - NITERÓI - SOC.COOP.SERV.MED E HOSP LTDA;RJ;8758962966.41;2919654322.14;1274549551.63
UNIMED SOROCABA COOPERATIVA DE TRABALHO MÉDICO;SP;8696823459.32;2898941153.11;1515275217.38
UNIMED SERRA GAUCHA/RS COOPERATIVA DE ASSISTENCIA A SAUDE LTDA;RS;8511604731.44;2837201577.15;1432171874.29
UNIMED MACEIO COOPERATIVA DE TRABALHO MÉDICO;AL;8502664352.57;2834221450.86;1313427884.63
UNIMED JOAO PESSOA - COOPERATIVA DE TRABALHO MÉDICO;PB;8392353478.86;2797451159.62;1390222904.99
HUMANA SAÚDE NORDESTE LTDA. ;PI;8356390248.74;2785463416.25;1324040341.44
UNIMED CAMPO GRANDE MS COOPERATIVA DE TRABALHO MÉDICO;MS;7788798757.67;2596266252.56;1216273929.24
CAIXA DE ASSISTENCIA DOS SERVIDORES DO ESTADO DE MATO GROSSO DO SUL;MS;7572026982.3;2524008994.1;1170634137.39
UNIMED DE SANTOS COOP DE TRAB MEDICO;SP;7320780021.61;2440260007.2;1207038878.6
UNIMED REGIONAL MARINGÁ COOP.DE TRABALHO MÉDICO;PR;7233197680.02;2411065893.34;1172308549.25
SANTA HELENA ASSISTÊNCIA MÉDICA S/A.;SP;7083031232.27;2361010410.76;1157909462.58
UNIMED DE RIBEIRAO PRETO - COOPERATIVA DE TRABALHO MÉDICO;SP;7082098524.17;2360699508.06;1185901909.28
UNIMED UBERLÂNDIA COOPERATIVA REGIONAL TRABALHO MÉDICO LTDA;MG;6711381388.31;2237127129.44;1003012500.46
SAMP ESPIRITO SANTO ASSISTENCIA MEDICA SA;ES;6561701475.52;2187233825.17;1040996722.6
CLINIPAM CLINICA PARANAENSE DE ASSISTENCIA MEDICA LTDA;CE;6526616710.36;2175538903.45;1114067902.54
UNIMED BLUMENAU - COOPERATIVA DE TRABALHO MEDICO;SC;6356035808.44;2118678602.81;1053018300.96
ODONTOPREV S/A;SP;6317645693.67;2105881897.89;1007804304.31
CENTRO TRASMONTANO DE SAO PAULO;SP;6315941150.89;2105313716.96;1049103551.39
FUNDAÇÃO SÃO FRANCISCO XAVIER;MG;6124279298.98;2041426432.99;974100462.18
UNIMED DO ESTADO DO PARANÁ FEDERAÇÃO ESTADUAL DAS COOPERATIVAS MÉDICAS;PR;6094664264.56;2031554754.85;1004536530.85
UNIMED DO ESTADO DE SANTA CATARINA FED. EST. DAS COOP. MÉD.;SC;5942607226.56;1980869075.52;956440941.49
UNIMED DIVINOPOLIS - COOPERATIVA DE TRABALHO MEDICO LTDA;MG;5763094190.4;1921031396.8;909542710.64
POSTAL SAÚDE CAIXA DE ASSISTÊNCIA E SAÚDE DOS EMPREGADOS DOS CORREIOS;DF;5761123493.62;1920374497.87;739610412.24
UNIMED SAO JOSE DOS CAMPOS - COOPERATIVA DE TRABALHO MEDICO;SP;5590284468.1;1863428156.03;900794763.69
ASSOCIAÇÃO DE BENEFICÊNCIA E FILANTROPIA SÃO CRISTOVÃO;SP;5491164384.5;1830388128.17;873048361.7
UNIMED DE PIRACICABA SOCIEDADE COOPERATIVA DE SERVIÇOS MÉDICOS;SP;5304022210.88;1768007403.63;886111298.24
UNIMED DE JOINVILLE COOPERATIVA DE TRABALHO MÉDICO;SC;5243098535.35;1747699511.78;867404763.8
UNIMED - COOPERATIVA DE SERVIÇOS DE SAÚDE DOS VALES DO TAQUARI E RIO PARDO LTDA.;RS;5140673072.34;1713557690.78;845638990.84
CEMIG SAÚDE;MG;5112761632.35;1704253877.45;727094116.2
UNIMED LITORAL COOPERATIVA DE TRABALHO MÉDICO LTDA;SC;5023336298.81;1674445432.94;836850987.65
UNIMED DE BAURU COOPERATIVA DE TRABALHO MÉDICO;SP;4909218832.69;1636406277.56;787913328.95
UNIMED JUIZ DE FORA COOPERATIVA DE TRABALHO MÉDICO LTDA;MG;4816396224.78;1605465408.26;780687894.22
UNIMED SERGIPE - COOPERATIVA DE TRABALHO MÉDICO;SE;4812363922.75;1604121307.58;712257787.53
UNIMED DE CASCAVEL COOPERATIVA DE TRABALHO MÉDICO;PR;4783896972.38;1594632324.13;744575449.58
SINDIFISCO NACIONAL - SINDICATO NACIONAL DOS AUDITORES-FISCAIS DA RECEITA FEDERAL DO BRASIL;DF;4720720760.24;1573573586.75;702290251.77
UNIMED TERESINA - COOPERATIVA DE TRABALHO MÉDICO;PI;4704390798.58;1568130266.19;765481895.79
PASA - PLANO DE ASSISTENCIA A SAUDE DO APOSENTADO DA VALE;RJ;4434563342.68;1478187780.89;653746889.18
UNIMED SÃO CARLOS - COOPERATIVA DE TRABALHO MÉDICO;SP;4171669947.11;1390556649.04;691642186.65
CAIXA DE ASSISTÊNCIA DOS FUNCIONÁRIOS DO BANCO DO NORDESTE DO BRASIL;CE;4072958039.92;1357652679.97;650384389.84
UNIMED DE PRESIDENTE PRUDENTE COOPERATIVA DE TRAB. MÉDICO;SP;4011718126.1;1337239375.37;687090158.69
ASSOCIAÇÃO SANTA CASA SAÚDE DE SÃO JOSÉ DOS CAMPOS;SP;3946445837.43;1315481945.81;658453032.53
UNIMED DE MACAÉ COOPERATIVA DE ASSISTÊNCIA À SAÚDE;RJ;3897514845.93;1299171615.31;679771798.97
PLANO HOSPITAL SAMARITANO LTDA;SP;3853368707.21;1284456235.74;616786646.76
INSTITUTO CURITIBA DE SAÚDE;PR;3769277957.67;1256425985.89;597994972.03
UNIMED NORTE DO MATO GROSSO COOPERATIVA DE TRABALHO MÉDICO;MT;3737507902.62;1245835967.54;604332474.23
CENTRO CLÍNICO GAÚCHO LTDA;CE;3704920846.66;1234973615.55;602543252.33
ALICE OPERADORA LTDA.;SP;3681869931.36;1227289977.12;686949967.07
UNIMED JUNDIAI - COOPERATIVA DE TRABALHO MÉDICO;SP;3634205363.9;1211401787.97;628009414.63
UNIMED DE VOLTA REDONDA COOPERATIVA DE TRABALHO MÉDICO;RJ;3625182090.78;1208394030.26;591548361.31
UNIMED VALE DO SINOS - COOPERATIVA DE ASSISTÊNCIA À SAÚDE LTDA;RS;3599674890.55;1199891630.18;619034202.92
HUMANA SAÚDE LTDA.;PR;3525329531.28;1175109843.76;483898970.05
UNIMED CARUARU-COOPERATIVA DE TRABALHO MEDICO;PE;3479887847.84;1159962615.95;571907185.8
UNIMED SUL CAPIXABA COOPERATIVA DE TRABALHO MÉDICO;ES;3451882242.09;1150627414.03;561367493.4
UNIMED NOVA FRIBURGO-SOC.COOP.SERV.MED.HOSP.LTDA.;RJ;3425158475.84;1141719491.95;537816712.65
UNIMED UBERABA COOPERATIVA DE TRABALHO MEDICO LTDA.;MG;3406208063.61;1135402687.87;535926302.46
UNIMED DE SANTA BÁRBARA D'OESTE E AMERICANA - COOP DE TRABALHO MÉDICO;SP;3314747334.49;1104915778.16;550142012.29
UNIMED NOVA IGUACU COOPERATIVA DE TRABALHO MEDICO;RJ;3267389516.86;1089129838.95;480333657.96
UNIMED DE MARILIA COOPERATIVA DE TRABALHO MÉDICO;SP;3183902869.84;1061300956.61;510680393.51
UNIMED VALE DO SÃO FRANCISCO COOPERATIVA DE TRABALHO MÉDICO;PE;3160924263.83;1053641421.28;518988498.11
METRUS INSTITUTO DE SEGURIDADE SOCIAL;SP;3155418368.89;1051806122.96;402428751.64
UNIMED PONTA GROSSA COOPERATIVA DE TRABALHO MEDICO;PR;3155028492.02;1051676164.01;495885637.88
LEVE SAUDE OPERADORA DE PLANOS DE SAUDE S.A;RJ;3139331329.49;1046443776.5;564916447.01
SOBAM CENTRO MÉDICO HOSPITALAR S.A.;SP;3051170909.64;1017056969.88;480346615.7
SAMEL PLANO DE SAÚDE LTDA;AM;3000731949.01;1000243983.0;507562548.87
QUALLITY PRÓ SAÚDE PLANO DE ASSISTÊNCIA MÉDICA LTDA.;DF;2977911509.21;992637169.74;446207269.59
FUNDAÇÃO COPEL DE PREVIDÊNCIA E ASSISTÊNCIA SOCIAL;PR;2967653327.35;989217775.78;464019543.08
UNIMED DE ARARAQUARA - COOP. DE TRAB. MÉDICO;SP;2964912293.03;988304097.68;496992987.1
MEDISERVICE OPERADORA DE PLANOS DE SAÚDE S.A.;SP;2964574766.89;988191588.96;455058041.32
UNIMED REGIONAL DA BAIXA MOGIANA - COOPERATIVA DE TRABALHO MÉDICO;SP;2944534865.7;981511621.9;476822226.25
UNIMED FRANCA - SOCIEDADE COOPERATIVA DE SERVIÇOS MÉDICOS E HOSPITALARES;SP;2923685293.69;974561764.56;488257167.99
REAL GRANDEZA - FUNDAÇÃO DE PREVIDÊNCIA E ASSISTÊNCIA SOCIAL;RJ;2900637366.73;966879122.24;474665702.3
UNIMED PORTO VELHO - SOCIEDADE COOPERATIVA MÉDICA LTDA;RO;2819980401.99;939993467.33;466010484.93
DOCTOR CLIN OPERADORA DE PLANOS DE SAÚDE LTDA.;RS;2807018559.23;935672853.08;491675794.01
COOPERATIVA CENTRAL UNIMED DE COOPERATIVAS DE ASSISTÊNCIA À SAÚDE DO RIO GRANDE DO SUL LTDA.;RS;2796273433.25;932091144.42;437897100.32
UNIMED DE CRICIÚMA COOPERATIVA DE TRABALHO MÉDICO DA REGIÃO CARBONÍFERA;SC;2779599773.24;926533257.75;460066602.42
H.B. SAÚDE S/A.;SP;2778721408.14;926240469.38;413509491.37
CAIXA DE PREVIDÊNCIA E ASSISTÊNCIA DOS SERVIDORES DA FUNDAÇÃO NACIONAL DE SAÚDE - CAPESESP;RJ;2737837763.49;912612587.83;396618120.84
FUNDAÇÃO CHESF DE ASSISTÊNCIA E SEGURIDADE SOCIAL;PE;2715332052.02;905110684.01;504038581.93
UNIMED CAMPINA GRANDE - COOPERATIVA DE TRABALHO MEDICO LTDA;PB;2687475079.84;895825026.61;430089064.88
ASSOCIACAO DOS AUDITORES FISCAIS DA RECEITA ESTADUAL DE SAO PAULO;SP;2674421640.37;891473880.12;459336696.64
UNIMED GOVERNADOR VALADARES COOP. DE TRABALHO MÉDICO LTDA.;MG;2668288846.67;889429615.56;429613864.36
COOPERATIVA DE TRABALHO MÉDICO DE POUSO ALEGRE;MG;2652884903.83;884294967.94;431869927.32
ASSOCIAÇÃO SANTA SAÚDE;SP;2631434171.01;877144723.67;404995767.89
BENSAUDE PLANO DE ASSISTENCIA MEDICA HOSPITALAR LTDA.;SP;2621497502.85;873832500.95;401220905.18
ASSOCIAÇÃO DE SAÚDE PORTUGUESA DE BENEFICÊNCIA;SP;2618692786.47;872897595.49;445495418.46
UNIMED DO CEARÁ - FEDERAÇÃO DAS SOCIEDADES COOPERATIVAS MÉDICAS DO ESTADO DO CEARÁ LTDA.;CE;2558057577.06;852685859.02;441827542.54
UNIMED SANTA MARIA/RS - COOPERATIVA DE ASSISTÊNCIA À SAÚDE LTDA;RS;2472427249.59;824142416.53;386876497.18
UNIMED SALTO/ITU - COOPERATIVA MÉDICA;SP;2468448218.79;822816072.93;394965596.36
ALVORECER - ASSOCIAÇÃO DE SOCORROS MÚTUOS;SP;2430689645.39;810229881.8;384997329.3
KLINI PLANOS DE SAÚDE LTDA;RJ;2382189063.56;794063021.19;418239218.55
CAIXA DE ASSISTÊNCIA DOS EMPREGADOS DO BANCO DO ESTADO DO RIO GRANDE DO SUL;RS;2363349407.02;787783135.67;390594777.12
UNIMED CHAPECÓ - COOPERATIVA DE TRABALHO MÉDICO DA REGIÃO OESTE CATARINENSE;SC;2333100398.73;777700132.91;400395878.75
PROMÉDICA - PROTEÇÃO MEDICA A EMPRESAS S.A.;BA;2305050149.33;768350049.78;362905225.43
UNIMED PATOS DE MINAS COOPERATIVA TRABALHO MÉDICO LTDA.;MG;2303370549.22;767790183.07;359566334.7
PLANO DE SAÚDE ANA COSTA LTDA.;SP;2303320154.14;767773384.71;361203191.17
SERVIÇO SOCIAL DA INDÚSTRIA DO PAPEL, PAPELÃO E CORTIÇA DO ESTADO DE SÃO PAULO - SEPACO;SP;2257727937.35;752575979.12;396171559.26
UNIMED DE CAMPOS COOPERATIVA DE TRABALHO MÉDICO;RJ;2248039552.82;749346517.61;373361043.88
UNIMED RONDONOPOLIS COOPERATIVA DE TRABALHO MÉDICO LTDA;MT;2231787806.2;743929268.73;349275106.08
CAIXA DE ASSISTÊNCIA À SAÚDE - CABERJ;RJ;2209397349.65;736465783.22;343298514.3
CIRCULO OPERARIO CAXIENSE;RS;2193516716.35;731172238.78;358816071.84
UNIMED ANHANGUERA COOPERATIVA DE TRABALHO MÉDICO;SP;2134481559.97;711493853.32;337848147.35
BIOVIDA SAÚDE LTDA.;SP;2113251825.04;704417275.01;328416427.35
UNIMED DE GUARULHOS COOPERATIVA DE TRABALHO MÉDICO;SP;2112691649.59;704230549.86;356289401.69
ASSOCIAÇÃO ASSISTENCIAL DE SAÚDE SUPLEMENTAR CRUZ AZUL SAÚDE;SP;2104480140.46;701493380.15;209943819.47
AUSTACLINICAS ASSISTÊNCIA MÉDICA E HOSPITALAR LTDA;SP;2091283609.25;697094536.42;339904150.94
UNIMED DO SUDOESTE COOPERATIVA DE TRABALHO MEDICO LTDA;BA;2056970954.87;685656984.96;321257352.02
AMPLA PLANOS DE SAUDE LTDA;RJ;2049270545.33;1024635272.66;256190488.32
UNIMED MARANHÃO DO SUL - COOPERATIVA DE TRABALHO MÉDICO;MA;2046675561.39;682225187.13;389091753.3
2CARE OPERADORA DE SAÚDE LTDA.;SP;2022218203.57;674072734.52;329981261.88
UNIMED VALE DO SEPOTUBA - COOPERATIVA DE TRABALHO MÉDICO;MT;2018151683.6;672717227.87;307096723.93
UNIMED DE MANAUS COOP. DO TRABALHO MÉDICO LTDA;AM;2015339803.88;671779934.63;284385711.88
UNIMED AMPARO COOPERATIVA DE TRABALHO MÉDICO;SP;1994675747.4;664891915.8;315821236.09
UNIMED RIO VERDE COOPERATIVA TRABALHO MEDICO;GO;1986211825.98;662070608.66;335360077.52
NOSSA SAÚDE - OPERADORA PLANOS PRIVADOS DE ASSISTÊNCIA  À SAÚDE LTDA.;PR;1985762631.03;661920877.01;309318021.36
UNIMED CENTRO RONDÔNIA COOPERATIVA DE TRABALHO MÉDICO;RO;1980445642.05;660148547.35;319743430.86
INTEGRA ASSISTENCIA MEDICA SA;SP;1978400688.99;659466896.33;225057491.03
UNIMED DE BOTUCATU COOPERATIVA DE TRABALHO MÉDICO;SP;1944554592.46;648184864.15;315134525.79
UNIMED LESTE PAULISTA COOPERATIVA DE TRABALHO MÉDICO;SP;1944381217.06;648127072.35;307446376.89
FUNDAÇÃO CELESC DE SEGURIDADE SOCIAL - CELOS;SC;1936420705.07;645473568.36;324355028.14
UNIMED DE LIMEIRA COOPERATIVA DE TRABALHO MÉDICO;SP;1929849765.42;643283255.14;339430773.39
ASSOCIAÇÃO DR. BARTHOLOMEU TACCHINI;RS;1902001179.61;634000393.2;346333393.85
UNIMED PETROPOLIS-RJ COOPERATIVA DE TRABALHO MÉDICO;RJ;1859378961.52;619792987.17;344503669.58
UNIMED DE BEBEDOURO COOPERATIVA DE TRABALHO MÉDICO;SP;1852273344.57;617424448.19;305115907.5
PLENA SAÚDE S.A.;SP;1847793887.46;615931295.82;284303566.94
CAIXA DE ASSISTÊNCIA DOS EMPREGADOS DA EMPRESA BRASILEIRA DE PESQUISA  AGROPECUÁRIA;DF;1829424809.53;609808269.84;303010841.79
UNIMED COSTA OESTE - COOPERATIVA DE TRABALHO MÉDICO;PR;1819405193.64;606468397.88;313888074.36
PROASA SAÚDE;DF;1817566548.55;605855516.18;323672354.88
ABERTTA SAÚDE - ASSOCIAÇÃO BENEFICENTE DOS EMPREGADOS DA ARCELORMITTAL NO BRASIL;MG;1811168188.02;603722729.34;281251137.62
ASSOCIAÇÃO EVANGELICA BENEFICENTE DE LONDRINA;PR;1810759975.75;603586658.58;306264975.76
UNIMED PELOTAS/RS - COOPERATIVA DE ASSISTÊNCIA À SAÚDE LTDA.;RS;1775449107.53;591816369.18;297733430.49
S.P.A SAUDE- SISTEMA DE PROMOÇÃO ASSISTENCIAL;SP;1768232035.7;589410678.57;271603776.32
UNIMED DE DOURADOS COOPERATIVA DE TRABALHO MÉDICO LTDA;MS;1733108807.12;577702935.71;293188706.41
LIV LINHAS INTELIGENTES DE ATENÇÃO À VIDA S/A;SP;1731418027.68;577139342.56;291235968.92
UNIMED DE TUBARAO - COOPERATIVA DE TRABALHO MEDICO DA REGIAO DA AMUREL;SC;1724041616.9;574680538.97;279584829.7
GAMA SAUDE LTDA.;SP;1707854153.22;569284717.74;161249763.83
UNIMED DE ARACATUBA - COOPERATIVA DE TRABALHO MÉDICO;SP;1700939114.05;566979704.68;259886187.46
SERMED-SAÚDE LTDA.;SP;1694658067.62;564886022.54;281012224.32
UNIMED NOROESTE/RS - SOCIEDADE COOPERATIVA DE ASSISTÊNCIA À SAÚDE LTDA.;RS;1694317274.72;564772424.91;271550800.55
ASSOCIAÇÃO DE ASSISTÊNCIA À SAÚDE DOS EMPREGADOS DA COPASA;MG;1680878654.84;560292884.95;241333123.07
UNIMED RIO BRANCO COOPERATIVA DE TRABALHO MEDICO LTDA;AC;1665025032.35;555008344.12;252163774.78
IRMANDADE DA SANTA CASA DE MISERICÓRDIA DE PIRACICABA;SP;1650081489.6;550027163.2;312499886.27
UNIÃO MÉDICA PLANOS DE SAÚDE S/A;BA;1649695424.13;549898474.71;255507979.35
UNIMED NOROESTE CAPIXABA COOPERATIVA DE TRABALHO MÉDICO.;ES;1626636958.11;542212319.37;268789961.08
FUNDAÇÃO SANEPAR DE ASSISTÊNCIA SOCIAL;PR;1611445917.94;537148639.31;200158533.98
UNIMED PATO BRANCO SOCIEDADE COOPERATIVA DE MÉDICOS;PR;1607018533.49;535672844.5;247541844.3
UNIMED PLANALTO MÉDIO/RS - COOPERATIVA DE ASSISTÊNCIA À SAÚDE LTDA.;RS;1596814920.36;532271640.12;248964630.95
SÃO LUCAS SAÚDE S/A;SP;1593938750.94;531312916.98;249280193.91
LIFE EMPRESARIAL SAÚDE LTDA.;SP;1588629189.5;529543063.17;261126598.13
CAIXA DE ASSISTÊNCIA OSWALDO CRUZ;RJ;1527373084.25;509124361.42;234029341.29
SAUDE PAS - MEDICINA E ODONTO;RS;1523465161.66;507821720.55;238909171.39
UNIMED REGIONAL JAU - COOPERATIVA DE TRABALHO MÉDICO;SP;1509242135.73;503080711.91;247093100.35
ECONOMUS INSTITUTO DE SEGURIDADE SOCIAL;SP;1508870429.71;502956809.9;262829948.92
UNIMED DE RIO CLARO SP COOPERATIVA DE TRABALHO MEDICO;SP;1492244091.26;497414697.09;254183212.32
SANTA CASA DE MISERICÓRDIA DE JUIZ DE FORA;MG;1483721005.22;494573668.41;243206120.59
UNIMED ANÁPOLIS COOPERATIVA DE TRABALHO MÉDICO.;GO;1469329846.28;489776615.43;210108960.63
FUNDAÇÃO AFFEMG DE ASSISTÊNCIA E SAÚDE - FUNDAFFEMG;MG;1442759712.24;480919904.08;238647303.23
UNIMED MONTES CLAROS COOPERATIVA DE  TRABALHO MÉDICO LTDA.;MG;1406179213.59;468726404.53;177050669.77
UNIMED DE OURINHOS - COOPERATIVA DE TRABALHO MÉDICO;SP;1402786574.84;467595524.95;226363272.4
CABERJ INTEGRAL SAÚDE S.A;RJ;1388196402.45;462732134.15;210799571.36
PLANO DE SAÚDE DA SANTA CASA DE BRAGANÇA PAULISTA;SP;1387113506.03;462371168.68;227488976.84
UNIMED DO CARIRI - SOCIEDADE COOPERATIVA MÉDICA LTDA;CE;1374583940.89;458194646.96;238150469.35
UNIMED CENTRO OESTE PAULISTA - FEDERAÇÃO INTRAFEDERATIVA DAS COOPERATIVAS MÉDICAS;SP;1355884021.34;451961340.45;230553513.43
UNIMED VARGINHA COOPERATIVA DE TRABALHO MÉDICO;MG;1354699828.18;451566609.39;205866930.47
UNIMED TEOFILO OTONI COOPERATIVA DE TRABALHO MÉDICO;MG;1347562309.56;449187436.52;201848167.95
MÚTUA DOS MAGISTRADOS DO ESTADO DO RIO DE JANEIRO;RJ;1346042629.7;448680876.57;220311586.46
UNIMED PALMAS COOPERATIVA DE TRABALHO MÉDICO;TO;1342233285.06;447411095.02;193625342.43
MED-TOUR ADMINISTRADORA DE BENEFÍCIOS E EMPREENDIMENTOS LTDA.;SP;1337023325.07;445674441.69;208548212.02
UNIMED REGIONAL DE CAMPO MOURÃO COOP TRAB MEDICO ;PR;1334169886.83;444723295.61;215375436.26
OPERADORA UNIESTE DE PLANOS DE SAÚDE LTDA;RJ;1308197349.21;436065783.07;218705165.17
UNIMED ARARUAMA COOPERATIVA DE TRABALHO MÉDICO LTDA;RJ;1302264239.32;434088079.77;216767166.7
UNIHOSP SAÚDE LTDA;SP;1293105404.33;431035134.78;204645466.09
UNIMED ENCOSTA DA SERRA/RS SOCIEDADE COOPERATIVA DE SERVIÇOS DE SAÚDE LTDA.;RS;1268556223.1;422852074.37;207152919.42
POLICLIN SAÚDE S/A.;SP;1258327792.32;419442597.44;205571310.04
UNIMED METROPOLITANA DO AGRESTE - COOPERATIVA DE TRABALHO MÉDICO;AL;1237745012.14;412581670.71;192168389.97
UNIMED COSTA DO DESCOBRIMENTO COOPERATIVA DE TRABALHO MÉDICO;BA;1236177467.32;412059155.77;202600545.29
UNIMED CONSELHEIRO LAFAIETE COOPERATIVA DE TRABALHO MÉDICO LTDA;MG;1195600776.81;398533592.27;195097884.81
UNIMED NORTE CAPIXABA- COOPERATIVA DE TRABALHO MÉDICO;ES;1180613608.09;393537869.36;199571607.97
CAIXA DE ASSISTENCIA A SAUDE DA UNIVERSIDADE;MG;1172794059.39;390931353.13;185053583.66
UNIMED GUARAPUAVA COOPERATIVA DE TRABALHO MÉDICO;PR;1158133648.28;386044549.43;177098148.78
ASSOCIAÇÃO ADVENTISTA NORTE BRASILEIRA DE PREVENÇÃO E ASSISTÊNCIA A SAÚDE;PA;1150870801.63;383623600.54;179478857.01
BENEFICENCIA CAMILIANA DO SUL;SP;1150192564.79;575096282.4;256648371.55
UNIMED DE CATANDUVA - COOPERATIVA DE TRABALHO MÉDICO;SP;1145533824.13;381844608.04;177441082.29
SIM - CAIXA DE ASSISTÊNCIA À SAÚDE;SC;1139452670.61;379817556.87;179295231.81
HBC SAÚDE LTDA.;SP;1135797963.44;378599321.15;177678357.22
UNIMED VALE DO CAÍ/RS - COOPERATIVA DE ASSISTÊNCIA À SAÚDE LTDA.;RS;1122896537.11;374298845.7;182468540.05
ASSOCIAÇÃO DA SANTA CASA SAÚDE DE RIBEIRÃO PRETO;SP;1114895744.26;371631914.75;167397537.05
IRMANDADE SANTA CASA DE MISERICÓRDIA DE MARINGÁ;PR;1100131821.81;366710607.27;189248844.0
UNIMED DE ASSIS COOPERATIVA DE TRABALHO MÉDICO;SP;1099629662.55;366543220.85;172379621.96
UNIMED BARRA DO GARÇAS - COOPERATIVA DE TRABALHO MÉDICO;MT;1099372054.46;366457351.49;170756534.09
SAÚDE BRB - CAIXA DE ASSISTÊNCIA ;DF;1081065693.95;360355231.32;168648979.18
SELECT OPERADORA DE PLANO DE SAUDE LTDA;GO;1060200447.75;353400149.25;291364126.1
UNIMED EXTREMO SUL COOPERATIVA DE TRABALHO MÉDICO;BA;1046039413.29;348679804.43;153969963.31
UNIMED POÇOS DE CALDAS - SOC. COOP. DE TRAB. E SERVIÇOS MÉDICOS;MG;1042750822.84;347583607.61;177931515.21
FUNDAÇAO COMPESA DE PREVIDENCIA E ASSISTENCIA - COMPESAPREV;PE;1041264814.76;347088271.59;170128868.89
UNIMED NORDESTE PAULISTA - FED. INTRAFEDERATIVA DAS COOP. MÉDICAS;SP;1035667956.97;345222652.32;158232444.43
UNIMED LITORAL SUL/RS - COOPERATIVA DE ASSISTÊNCIA À SAÚDE LTDA.;RS;1034526687.84;344842229.28;154875348.08
UNIMED DE BARRA MANSA SOC. COOP. SERV.MED.E HOSPIT.;RJ;1032785651.95;344261883.98;176321598.39
CENTRAL REGIONAL DAS COOPERATIVAS MÉDICAS - UNIMED CERRADO;GO;1030451245.32;343483748.44;147894178.24
UNIMED CURVELO COOPERATIVA DE TRABALHO MÉDICO LTDA.;MG;1025623826.24;341874608.75;161634712.97
UNIMED INCONFIDENTES COOPERATIVA DE TRABALHO MÉDICO LTDA.;MG;1024556596.38;341518865.46;169371083.92
ASSOCIAÇÃO SÃO FRANCISCO VIDA;SP;1023018893.62;341006297.87;172165644.75
LUMINAR SAÚDE - ASSOCIAÇÃO DE ASSISTÊNCIA À SAÚDE;DF;996138787.17;332046262.39;132064612.78
UNIMED DE PARANAGUÁ COOPERATIVA DE TRABALHO MÉDICO;PR;992781139.27;330927046.42;157548718.22
UNIMED NORTE FLUMINENSE COOPERATIVA DE TRABALHO MEDICO;RJ;991341083.43;330447027.81;160870331.93
ASSOCIAÇÃO BENEFICENTE DE ASSISTÊNCIA A SAÚDE DOS JUÍZES DO TRABALHO DA 15ª REGIÃO (ABAS 15);SP;974603782.03;324867927.34;153465989.25
UNIMED RESENDE COOPERATIVA DE TRABALHO MÉDICO;RJ;973667956.08;324555985.36;169048747.03
UNIMED DE SÃO ROQUE - COOPERATIVA DE TRABALHO MÉDICO;SP;973077722.4;324359240.8;170737806.63
CENTRO HOSPITALAR ATIBAIA LTDA.;SP;968156980.2;322718993.4;175181310.98
UNIMED DE BRUSQUE COOPERATIVA DE TRABALHO MÉDICO;SC;955539974.16;318513324.72;141180443.4
UNIMED DE PARANAVAÍ COOPERATIVA DE TRABALHO MÉDICO;PR;942464478.15;314154826.05;148867925.54
UNIMED MISSÕES/RS - COOPERATIVA DE ASSISTÊNCIA À SAÚDE LTDA.;RS;939956578.31;313318859.44;148249676.05
ASSOCIAÇÃO PADRE ALBINO SAÚDE;SP;937258079.99;312419360.0;164627507.1
IRMANDADE DA SANTA CASA DE MISERICÓRDIA DE RIO CLARO;SP;931316551.66;310438850.55;166934022.77
AMESC - ASSOCIAÇÃO MÉDICA ESPÍRITA CRISTÃ;RJ;923118491.01;307706163.67;144521262.15
CAIXA ASSISTENCIAL E BENEFICENTE DOS FUNCIONÁRIOS DA ACARESC;SC;910839540.47;303613180.16;136976137.61
AMEPLAN ASSISTÊNCIA MÉDICA PLANEJADA LTDA;SP;900666300.11;300222100.04;81985151.15
ASSOCIAÇÃO DOS SERVIDORES FISCAIS DO ESTADO DA BAHIA;BA;879410005.69;293136668.56;147043244.86
UNIMED REGIONAL SUL GOIAS COOP. DE TRABALHO MÉDICO LTDA;GO;877344167.02;292448055.67;140300702.89
ELOSAÚDE - ASSOCIAÇÃO DE ASSISTÊNCIA À SAÚDE;SC;867402410.29;289134136.76;137347837.15
UNIMED OESTE DO PARANA - COOPERATIVA DE TRABALHO MEDICO;PR;866393524.72;288797841.57;137631692.8
ASSOCIAÇÃO BENEFICENTE DOS PROFESSORES PÚBLICOS ATIVOS E INATIVOS DO RIO DE JANEIRO - APPAI;RJ;864693300.35;288231100.12;147652856.08
UNIMED VALE DO AÇO COOPERATIVA DE TRABALHO MÉDICO;MG;861668662.95;430834331.48;182380702.92
UNIMED APUCARANA COOPERATIVA DE TRABALHO MÉDICO;PR;861608634.13;287202878.04;132773070.05
FUNDAÇÃO DE SEGURIDADE SOCIAL DA ARCELORMITTAL BRASIL - FUNSSEST;ES;848964940.73;282988313.58;109798413.94
UNIMED DE JABOTICABAL COOP. DE TRABALHO MÉDICO;SP;839417417.09;279805805.7;141426406.17
ASSOCIAÇÃO SANTA CASA SAÚDE DE ARAÇATUBA;SP;837170400.58;279056800.19;131101115.8
SAÚDE SANTA TEREZA LTDA.;SP;835947260.92;278649086.97;135254719.84
ASSOCIAÇAO DOS FUNCIONARIOS PUBLICOS DO ESTADO DO RIO GRANDE DO SUL;RS;832877121.62;277625707.21;116435408.81
UNIMED JOÃO MONLEVADE COOPERATIVA DE TRABALHO MÉDICO LTDA.;MG;825794225.13;275264741.71;127490695.58
AGROS - INSTITUTO UFV DE SEGURIDADE SOCIAL;MG;818176181.23;272725393.74;126651601.17
SANTA CASA DE MAUÁ SAÚDE;SP;812942054.29;270980684.76;130417098.78
UNIMED PARÁ DE MINAS COOPERATIVA DE TRABALHO MÉDICO LTDA.;MG;808813709.19;269604569.73;127296191.95
UNIMED SÃO JOÃO DEL REI - COOPERATIVA DE TRABALHO MÉDICO;MG;808495665.08;269498555.03;131595119.72
CAIXA DE ASSISTÊNCIA DOS EMPREGADOS DA SANEAGO;GO;807202585.13;269067528.38;125254160.3
UNIMED DE CATALÃO COOPERATIVA DE TRABALHO MÉDICO;GO;803230604.28;267743534.76;122893837.41
CAIXA DE ASSISTÊNCIA À SAÚDE DOS SERVIDORES PÚBLICOS DO ESTADO DO MATO GROSSO DO SUL;MS;799547974.9;266515991.63;127106133.32
UNIMED ARAXÁ COOPERATIVA DE TRABALHO MÉDICO LTDA.;MG;793315050.09;264438350.03;127003965.01
UNIMED OESTE DO PARÁ - COOPERATIVA DE TRABALHO MÉDICO;PA;791616576.54;263872192.18;112614736.54
UNIMED ITABIRA COOPERATIVA DE TRABALHO MÉDICO;MG;790611302.14;263537100.71;123174568.98
CAIXA DE ASSISTÊNCIA DOS SERVIDORES FAZENDÁRIOS ESTADUAIS;CE;790157914.03;263385971.34;127101885.15
UNIMED OS BANDEIRANTES COOPERATIVA DE TRABALHO MÉDICO;SP;779033482.36;259677827.45;107243189.31
UNIMED DE CAÇAPAVA - COOPERATIVA DE TRABALHO MEDICO;SP;778863195.21;259621065.07;126347179.66
OPERADORA UNICENTRAL DE PLANOS DE SAÚDE LTDA.;SP;778257526.12;259419175.37;109963675.45
SAMI ASSISTÊNCIA MÉDICA LTDA;SP;769034958.55;256344986.18;110343834.66
ASSISTÊNCIA MÉDICA SÃO MIGUEL LTDA;SP;768382467.96;256127489.32;131387030.45
UNIMED CENTRO SUL FLUMINENSE COOPERATIVA DE TRABALHO MÉDICO;RJ;762343664.45;254114554.82;126689822.15
GOCARE PLANOS DE SAUDE LTDA;SP;762092252.99;254030751.0;90641065.84
UNIMED ERECHIM - COOPERATIVA DE SERVIÇOS DE SAÚDE LTDA.;RS;761731639.79;253910546.6;118927720.66
UNIMED DE TATUI - COOPERATIVA DE TRABALHO MÉDICO;SP;758849111.46;252949703.82;116747651.81
UNIMED FRONTEIRA NOROESTE/RS - COOPERATIVA DE ASSISTÊNCIA À SAÚDE LTDA.;RS;756045082.46;252015027.49;120290248.87
OESTE SAÚDE ASSISTÊNCIA A SAÚDE SUPLEMENTAR S.A;SP;750931584.57;250310528.19;123562837.45
FUNDAÇÃO DE SAÚDE ITAIGUAPY;PR;749362548.08;249787516.03;134377716.53
UNIMED ALTO VALE - COOPERATIVA DE TRABALHO MÉDICO;SC;747702611.8;249234203.93;121292678.11
METLIFE PLANOS ODONTOLÓGICOS LTDA.;SP;747241770.22;249080590.07;116795345.42
UNIMED ITAJUBA COOPERATIVA DE TRABALHO MEDICO;MG;745989667.6;248663222.53;132802524.06
NOVA SAÚDE OPERADORA INTEGRADA DE SAÚDE LTDA;RJ;745740578.28;248580192.76;136002456.32
UNIMED DE LENÇOIS PAULISTA - COOPERATIVA DE TRABALHO MÉDICO;SP;741603830.46;247201276.82;115045767.06
UNIMED BARBACENA - COOPERATIVA DE TRABALHO MÉDICO LTDA;MG;738836159.93;246278719.98;124215502.62
CAIXA DE ASSISTÊNCIA DOS EMPREGADOS DO SISTEMA FINANCEIRO BANESTES;ES;734075380.35;244691793.45;105214441.83
GARANTIA DE SAÚDE LTDA;SP;730925050.42;243641683.47;111779468.42
UNIMED ARAGUARI COOPERATIVA DE TRABALHO MÉDICO ;MG;721671740.42;240557246.81;110821560.2
UNIMED SAÚDE E ODONTO S.A;SP;719908174.41;239969391.47;122339336.06
UNIMED CABO FRIO COOPERATIVA TRABALHO MÉDICO LTDA.;RJ;716370826.55;238790275.52;117650609.77
UNIMED NOROESTE DO PARANÁ COOP DE TRABALHO MÉDICO .;PR;713159536.55;237719845.52;117479025.19
UNIMED DE LINS - COOPERATIVA DE TRABALHOS MÉDICOS;SP;708264132.92;236088044.31;105053111.05
VIVACOM PLANOS DE SAÚDE;GO;700040170.42;233346723.47;109674569.77
ESMALE ASSISTENCIA INTERNACIONAL DE SAUDE LTDA.;AL;697665829.12;232555276.37;97522835.62
PARANA ASSISTENCIA MEDICA LTDA;PR;682045959.37;227348653.12;108657126.32
ASSOCIAÇÃO DE ASSISTÊNCIA À SAÚDE DA AMAGIS;MG;678784850.06;226261616.69;111465386.36
SISTEMAS E PLANOS DE SAÚDE LTDA.;SP;678649655.03;226216551.68;82526638.37
UNIMED EXTREMO OESTE CATARINENSE COOPERATIVA DE TRABALHO MÉDICO;SC;678297199.52;226099066.51;103534844.49
UNIMED MEIO OESTE CATARINENSE COOPERATIVA DE TRABALHO MÉDICO;SC;677564912.74;225854970.91;101806564.23
UNIODONTO DE CAMPINAS COOPERATIVA ODONTOLÓGICA;SP;656803497.78;218934499.26;113289829.43
TEMPO MED PLANO DE SAUDE LTDA;SC;656119856.78;218706618.93;111950245.06
IRMANDADE DA SANTA CASA DE MISERICORDIA DE LIMEIRA;SP;656091838.63;218697279.54;113148282.29
UNIMED MURIAÉ COOPERATIVA DE TRABALHO MEDICO LTDA;MG;652293598.95;217431199.65;102732349.38
UNIMED NORTE PIONEIRO - COOPERATIVA DE TRABALHO MÉDICO;PR;651668703.62;217222901.21;106868653.23
SULMED - ASSISTÊNCIA MÉDICA LTDA;RS;642251057.02;214083685.67;103182572.18
UNIMED CENTRO PAULISTA - FEDERAÇÃO INTRAFEDERATIVA DAS COOPERATIVAS MÉDICAS;SP;639754150.84;213251383.61;100253057.95
UNIMED DE GUARATINGUETA-COOPERATIVA DE TRABALHO MÉDICO;SP;634867671.51;211622557.17;100828004.25
FUNDACAO LEONOR DE BARROS CAMARGO;SP;633046276.44;211015425.48;102351164.8
UNIMED VALE DAS ANTAS, RS - COOPERATIVA DE ASSISTÊNCIA À SAÚDE LTDA.;RS;624660960.72;208220320.24;71205460.21
UNIMED LAVRAS COOPERATIVA DE TRABALHO MÉDICO;MG;620183666.54;206727888.85;103338808.14
ASSOCIAÇÃO POLICIAL DE ASSISTÊNCIA À SAÚDE;SP;620053338.19;206684446.06;95898558.53
CAIXA ASSISTENCIAL UNIVERSITÁRIA DO RIO GRANDE DO NORTE;RN;615583099.84;205194366.61;96269959.57
UNIMED TRÊS RIOS COOPERATIVA DE TRABALHO MÉDICO;RJ;608618144.9;202872714.97;92865091.98
UNIMED ALTA MOGIANA COOPERATIVA DE TRABALHO MÉDICO;SP;606595782.81;202198594.27;102750367.49
PLAMED PLANO DE ASSISTENCIA MEDICA LTDA;SE;606513901.97;202171300.66;105559846.59
HOSPITAIS E CLÍNICAS DO PIAUÍ S/S LTDA;PI;594096862.36;198032287.45;91859458.11
MATÃO CLINICAS & AMHMA SAÚDE LTDA;SP;589010834.82;196336944.94;93439221.79
CAIXA DE ASSISTÊNCIA À SAUDE DOS EMPREGADOS DA CODEVASF - CASEC;DF;587363518.36;195787839.45;75999844.6
ASSOCIAÇÃO DE SAÚDE DO VALE;SC;586454831.1;195484943.7;98982350.98
UNIMED SUL PAULISTA - COOPERATIVA DE TRABALHO MÉDICO;SP;582151282.46;194050427.49;93322504.42
ASSOCIAÇÃO DE SAÚDE DOS FORNECEDORES DE CANA DE PIRACICABA E REGIÃO;SP;580057391.09;193352463.7;103971971.69
UNIMED DE SOBRAL SOCIEDADE COOPERATIVA MÉDICA LTDA;CE;578704260.58;192901420.19;97355874.35
UNIMED DE IBITINGA COOPERATIVA DE TRABALHO MÉDICO;SP;577247557.43;192415852.48;90928612.22
ASSOCIAÇÃO DE ASSISTÊNCIA MÉDICO HOSPITALAR DOS MAGISTRADOS DO ESTADO DO PARANÁ;PR;573906056.78;191302018.93;102105179.71
PRONTOMED PLANOS DE SAÚDE LTDA;MG;573413084.18;191137694.73;85210431.88
BEST SENIOR OPERADORA DE SAÚDE LTDA;ES;569770793.62;189923597.87;112044230.18
ASSOCIAÇÃO DO PLANO DE SAÚDE DA SANTA CASA DE MISERICÓRDIA DE ITABUNA - PLANSUL;BA;554673967.45;184891322.48;82694290.99
AMHE MED ASSISTENCIA A SAUDE LTDA - EPP;SP;554441764.62;184813921.54;144351098.89
SUL AMÉRICA ODONTOLÓGICO S/A;SP;553834877.15;184611625.72;86642516.97
UNIMED COSTA VERDE RJ;RJ;552038320.59;184012773.53;73945188.94
UNIMED CAÇADOR COOPERATIVA DE TRABALHO MÉDICO DA REGIÃO DO CONTESTADO;SC;548938079.62;182979359.87;90632221.54
UNIMED ITAÚNA COOPERATIVA DE TRABALHO MÉDICO LTDA.;MG;548131273.48;182710424.49;80910061.13
ASSOCIAÇÃO MINEIRA DE ASSISTÊNCIA À SAÚDE DOS MEMBROS DO MINISTÉRIO PÚBLICO;MG;547491024.15;182497008.05;95402025.21
SÃO FRANCISCO ASSISTÊNCIA MÉDICA LTDA;PE;545421011.81;181807003.94;86098995.16
UNIMED ITUIUTABA COOPERATIVA TRABALHO MÉDICO LTDA.;MG;542153065.63;180717688.54;83842582.89
SANTA CASA DE MISERICORDIA DE SAO JOAQUIM DA BARRA;SP;536767627.77;178922542.59;91163065.41
UNIMED NOROESTE FLUMINENSE - COOPERATIVA DE TRABALHO MÉDICO LTDA;RJ;535167825.35;178389275.12;83122603.33
ELETROS SAÚDE - ASSOCIAÇÃO DE ASSISTÊNCIA À SAÚDE;RJ;533439732.09;177813244.03;95669408.9
PLADISA PLANOS DE SAÚDE SA;SC;529262414.83;176420804.94;80554486.02
UNIMED GUAXUPÉ COOPERATIVA DE TRABALHO MEDICO;MG;527898242.4;175966080.8;84185879.36
UNIMED SÃO LOURENÇO COOPERATIVA DE TRABALHO MÉDICO;MG;525177915.92;175059305.31;81533665.09
UNIMED ALTO DA SERRA - SOCIEDADE COOPERATIVA DE SERVIÇO MÉDICO LTDA.;RS;525159472.44;175053157.48;79779544.4
FUNDAÇÃO LIBERTAS DE SEGURIDADE SOCIAL;MG;523048208.25;174349402.75;80256131.58
VITA ASSISTÊNCIA A SAÚDE LTDA.;MG;522612889.27;174204296.42;118339409.91
UNIMED DE PINDAMONHANGABA - COOPERATIVA TRABALHO MEDICO;SP;519365810.17;173121936.72;82609069.2
COOPERATIVA DE TRABALHO MÉDICO DO PLANALTO NORTE DE SANTA CATARINA LTDA;SC;517133758.0;172377919.33;79270029.22
AMHA SAUDE S/A;SP;516975473.51;172325157.84;84227667.44
UNIMED NORTE PAULISTA - COOPERATIVA DE TRABALHO MÉDICO;SP;515316500.09;171772166.7;81416739.95
COOPERATIVA DE TRABALHO MEDICO REGIÃO DO PLANALTO SERRANO;SC;514562492.79;171520830.93;86180661.35
ASSOCIAÇÃO MAIS SAÚDE SANTA CASA DE SÃO JOÃO DA BOA VISTA;SP;510223843.49;170074614.5;92460098.16
SAMOC S.A. - SOCIEDADE ASSISTENCIAL MÉDICA E ODONTO CIRÚRGICA;RJ;510200117.84;170066705.95;80387939.47
INSTITUIÇÃO BENEFICENTE CEL MASSOT - IBCM;RS;505642467.88;168547489.29;99252864.2
CAIXA DE ASSISTÊNCIA À SAÚDE DO SINDICATO DOS FUNCIONÁRIOS INTEGRANTES DO GRUPO OCUPACIONAL ADMINISTRAÇÃO TRIBUTÁRIA DO ESTADO DE PERNAMBUCO;PE;504568930.22;168189643.41;89880630.16
COOPERATIVA DE TRABALHO MEDICO DE ARAGUAÍNA - UNIMED ARAGUAÍNA;TO;502198558.58;167399519.53;74981208.82
SÃO DOMINGOS SAÚDE- ASSISTÊNCIA MÉDICA  LTDA;SP;497830197.53;165943399.18;81522915.02
SAÚDE BRASIL ASSISTÊNCIA MÉDICA LTDA.;SP;490148542.8;163382847.6;94402606.56
UNIMED DE BIRIGUI - COOPERATIVA DE TRABALHO MÉDICO;SP;485759452.21;161919817.4;77777615.45
AMAZÔNIA PLANOS DE SAÚDE LTDA;PA;485740633.83;161913544.61;79075947.73
UNIMED PATROCÍNIO COOPERATIVA DE TRABALHO MÉDICO LTDA.;MG;480624727.23;160208242.41;77036920.56
UNIMED MARQUES DE VALENÇA COOPERATIVA DE TRABALHO MÉDICO LTDA.;RJ;479499736.56;159833245.52;82740778.41
PLANO DE SAUDE ASES LTDA.;RJ;478061552.09;159353850.7;73284886.81
UNIMED REGIONAL DE TRES LAGOAS COOPERATIVA DE TRABALHO MÉDICO;MS;476357625.25;158785875.08;77807284.42
UNIMED DE TAUBATÉ COOPERATIVA DE TRABALHO MÉDICO;SP;475435050.2;158478350.07;64238261.68
ASSOCIAÇÃO SAÚDE SÃO JOSÉ;SC;473052458.06;157684152.69;73334869.6
UNIMED DE LORENA COOPERATIVA DE TRABALHO MÉDICO;SP;471841271.57;157280423.86;72764021.67
FEDERAÇÃO DAS SOCIEDADES COOPERATIVAS DE TRABALHO MÉDICO DO ACRE, AMAPÁ, AMAZONAS, PARÁ, RONDONIA E RORAIMA;AM;470272021.81;470272021.81;0.0
ASSOCIAÇÃO POLICIAL DE ASSISTÊNCIA À SAÚDE DE BAURU;SP;469369983.54;156456661.18;71152180.8
UNIMED VALE DO JAURU COOPERATIVA DE TRABALHO MÉDICO;MT;465302415.93;155100805.31;66289903.01
UNIMED DE AVARÉ COOPERATIVA DE TRABALHO MÉDICO;SP;464622026.93;154874008.98;75113242.28
ÚNICA ASSISTENCIA MEDICA LTDA ;SP;464475619.58;154825206.53;72937845.82
ASSOCIAÇÃO SÃO LUIZ SAÚDE;SP;462754427.94;154251475.98;72244409.96
UNIMED DE BARRETOS COOPERATIVA DE TRABALHO MÉDICO;SP;460575350.87;153525116.96;73093316.9
UNIMED ALTO SÃO FRANCISCO COOPERATIVA DE TRABALHO MÉDICO;MG;460273458.21;153424486.07;72243523.06
CAIXA DE ASSISTÊNCIA DOS FUNCIONÁRIOS DO BANCO DA AMAZÔNIA - CASF;PA;459497948.6;153165982.87;61401969.19
IRMANDADE DE MISERICÓRDIA DO HOSPITAL DA SANTA CASA DE MONTE ALTO;SP;458054112.14;152684704.05;77444340.38
UNIMED NORTE DO PARANÁ COOPERATIVA REGIONAL DE TRABALHO MÉDICO;PR;451326576.43;150442192.14;73328307.18
DENTAL UNI - COOPERATIVA ODONTOLÓGICA;PR;445649558.65;148549852.88;77576386.8
ANAFE SAUDE;GO;444723721.7;148241240.57;69500552.99
UNIMED-RIO COOPERATIVA DE TRABALHO MEDICO DO RIO DE JANEIRO;RJ;438286071.6;438286071.6;0.0
UNIMED DE ANDRADINA - COOPERATIVA DE TRABALHO MÉDICO;SP;437733094.73;145911031.58;71826030.22
UNITY SERVIÇOS INTEGRADOS DE SAÚDE LTDA.;DF;435506272.01;145168757.34;81805594.2
CAIXA DE ASSISTÊNCIA AOS MEMBROS DA DEFENSORIA PÚBLICA DO ESTADO DO RIO DE JANEIRO;RJ;433694408.1;144564802.7;71708312.06
LEADER ASSISTÊNCIA MÉDICA E HOSPITALAR LTDA.;SP;426042534.88;142014178.29;62275750.91
CAIXA DE ASSISTÊNCIA SISTEMA SAÚDE INTEGRAL-SSI SAUDE;RS;423976712.95;141325570.98;74703025.38
UNIMED DE CAPIVARI -COOPERATIVA DE TRABALHO MÉDICO;SP;422137391.0;140712463.67;66962717.93
ASSOCIAÇÃO FUNDO DE PROTEÇÃO À SAÚDE;PR;418966791.87;139655597.29;63695492.37
IRMANDADE DA SANTA CASA DE MISERICÓRDIA DE PASSOS;MG;415772230.14;138590743.38;71544888.43
IRMANDADE DE MISERICORDIA DE PORTO FERREIRA;SP;407030292.4;135676764.13;71958168.95
UNIMED VERTENTE DO CAPARAÓ - COOPERATIVA DE TRABALHO MÉDICO LTDA;MG;404734004.2;134911334.73;50500689.05
GS PLANO GLOBAL DE SAÚDE LTDA;RJ;402846214.65;134282071.55;68567973.71
UNIMED SÃO SEBASTIÃO DO PARAÍSO COOPERATIVA DE TRABALHO MÉDICO;MG;400718767.78;133572922.59;61051625.03
UNIMED CATAGUASES COOPERATIVA DE TRABALHO MÉDICO LTDA;MG;392556822.87;130852274.29;59659358.46
UNIMED DE TUPA COOPERATIVA DE TRABALHO MÉDICO;SP;384605280.67;128201760.22;62783632.55
MAIS SAÚDE PLANO DE SAÚDE LTDA;GO;381430636.18;127143545.39;71239369.0
ASSOCIAÇÃO DOS AUDITORES FISCAIS DO ESTADO DA PARAÍBA - AFRAFEP;PB;379945678.39;126648559.46;62602697.1
OPERADORA DE PLANOS PRIVADOS DE SAÚDE - SANTA CASA SAÚDE LTDA;MS;379328420.85;126442806.95;57844592.39
SANTA CASA DE MISERICÓRDIA DE VOTUPORANGA;SP;379080782.52;126360260.84;59458537.66
BIO SAÚDE SERVIÇOS MÉDICOS LTDA;SP;375343158.77;125114386.26;39668081.37
UNIMED VIÇOSA - COOPERATIVA DE TRABALHO MÉDICO;MG;372313716.94;124104572.31;61498123.37
INTERMEDICI PIRACICABA ASSISTENCIA MEDICA LTDA;SP;372113620.01;124037873.34;62272686.72
ASSOCIAÇÃO DOS FUNCIONÁRIOS DO FISCO DO ESTADO DE GOIÁS;GO;371196510.72;123732170.24;62728514.89
CONFERÊNCIA SÃO JOSÉ DO AVAÍ;RJ;370810383.33;123603461.11;68393338.45
UNIMED DE MINEIROS COOPERATIVA DE TRABALHO MÉDICO ;GO;369296474.26;123098824.75;58905765.87
UNIMED DE UBA COOPERATIVA DE TRABALHO MEDICO;MG;368045561.03;122681853.68;63142722.88
UNIMED VILHENA - COOPERATIVA DE TRABALHO MEDICO LTDA;RO;361155595.01;120385198.34;76050802.71
CAIXA DE ASSISTÊNCIA DOS MAGISTRADOS DE PERNAMBUCO;PE;360427072.96;120142357.65;58764100.07
UNIMED DE PIRASSUNUNGA COOPERATIVA DE TRABALHO MÉDICO;SP;358317102.36;119439034.12;65658467.38
UNIMED TRÊS CORAÇÕES COOPERATIVA DE TRABALHO MÉDICO LTDA.;MG;357113931.35;119037977.12;57615217.22
UNIMED GURUPI COOPERATIVA DE TRABALHO MÉDICO;TO;354815608.45;118271869.48;50793146.21
UNIMED DE MOCOCA COOPERATIVA DE TRAB. MÉDICO;SP;354633930.57;118211310.19;62215782.85
ASSOCIAÇÃO PARANAENSE DE ASSISTÊNCIA À SAUDE DOS MEMBROS DO MINISTERIO PUBLICO DO PARANÁ;PR;353640282.18;117880094.06;53813874.45
UNIMED PONTAL DO TRIÂNGULO - COOPERATIVA DE TRABALHO MÉDICO;MG;353249339.67;117749779.89;50840890.44
UNIMED CARATINGA - COOPERATIVA DE TRABALHO MÉDICO LTDA;MG;349178916.47;116392972.16;51136842.8
UNIMED NOROESTE DE MINAS COOPERATIVA DE TRABALHO MEDICO LTDA;MG;346089776.95;115363258.98;57431459.86
TERRAMAR ADMINISTRADORA DE PLANO DE SAUDE LTDA;BA;334625835.52;111541945.17;50114256.79
FUNDAÇÃO FILANTRÓPICA E BENEFICENTE DE SAÚDE ARNALDO GAVAZZA FILHO;MG;328259942.39;109419980.8;53517588.84
PLANO ODONTOLÓGICO DENTALVIDAS LTDA.;SP;324873910.79;108291303.6;60607035.4
UNIMED FRUTAL COOPERATIVA DE TRABALHO MEDICO LTDA;MG;324443455.76;108147818.59;45744634.29
UNIMED PLANALTO CENTRAL/RS - COOPERATIVA DE ASSISTÊNCIA  À SAÚDE LTDA.;RS;324332171.72;108110723.91;54331953.66
UNIODONTO DE SÃO JOSÉ DOS CAMPOS COOPERATIVA DE TRABALHO ODONTOLÓGICO;SP;319522156.17;106507385.39;54520751.09
UNIMED ALFENAS COOPERATIVA DE TRABALHO MEDICO;MG;316152828.69;105384276.23;46751912.39
UNIMED VALE DO PIQUIRI-COOPERATIVA DE TRABALHO MÉDICO VALE DO PIQUIRI ;PR;315983517.84;105327839.28;52017703.05
POLI SAUDE OPERADORA DE PLANO DE SAUDE LTDA;PR;309998564.56;103332854.85;50913214.33
AMPARA ASSISTÊNCIA MÉDICA PARAÍSO LTDA;MG;309858388.87;103286129.62;46436183.21
AMEP FREGUESIA OPERADORA DE PLANO DE SAUDE LTDA;RJ;309476805.89;103158935.3;48464766.39
FUNDAÇÃO FIAT SAÚDE E BEM ESTAR;MG;308851967.07;102950655.69;45290758.31
PRONTOCLINICA E HOSPITAIS SAO LUCAS S/A;MG;308316267.57;102772089.19;39818174.7
BRASILDENTAL OPERADORA DE PLANOS ODONTOLÓGICOS S.A.;SP;304472497.4;101490832.47;51385316.14
UNIMED REGIÃO DA CAMPANHA/RS - COOPERATIVA DE ASSISTÊNCIA À SAÚDE LTDA.;RS;299723721.33;99907907.11;48392113.07
FUNDAÇÃO DE ASSISTÊNCIA À SAÚDE DA ASSOCIAÇÃO DO MINISTÉRIO PÚBLICO DO RIO GRANDE DO SUL;RS;292409993.2;97469997.73;53477782.79
SF SISTEMAS DE SAÚDE LTDA;SP;289889520.56;96629840.19;56571289.68
UNIMED DE SAO JOSÉ DO RIO PARDO-COOP. DE TRAB. MÉDICO;SP;288857608.27;96285869.42;49209067.89
ASSOCIAÇÃO FCA SAÚDE;MG;287504747.73;95834915.91;45275448.73
CAIXA DE ASSISTÊNCIA DOS EMPREGADOS DO BANEB;BA;285588432.83;95196144.28;32161070.48
UNIMED LEOPOLDINA COOPERATIVA DE TRABALHO MÉDICO LTDA;MG;283221212.28;94407070.76;53319627.34
PREVIDENT ASSISTÊNCIA ODONTOLÓGICA S.A;SP;279773581.87;93257860.62;44590221.91
UNIMED SUDOESTE DE MINAS COOPERATIVA DE TRABALHO MÉDICO;MG;277783183.73;92594394.58;50705146.95
UNIMED DE ADAMANTINA-COOPERATIVA DE TRABALHO MÉDICO;SP;276724705.87;92241568.62;44282995.41
ASSOCIAÇÃO PLANO DE SAÚDE SANTA CASA DE VALINHOS;SP;274891620.99;91630540.33;42617976.97
UNIMED DE DRACENA - COOPERATIVA DE TRABALHO MÉDICO;SP;271597752.28;90532584.09;44527520.86
ASSOCIAÇÃO POLICIAL DE ASSISTÊNCIA À SAÚDE DE RIBEIRÃO PRETO (APAS);SP;270985781.68;90328593.89;40992476.01
SBC SAÚDE LTDA.;SP;269752916.71;89917638.9;38073290.0
PLAMER PLANO MEDICO RESENDE LTDA;RJ;266088445.58;88696148.53;34579908.23
SOCIEDADE BENEFICENTE DEZOITO DE JULHO;MG;262106242.46;87368747.49;42026582.2
ASSOCIACAO DOS PROFESSORES UNIVERSITÁRIOS DA BAHIA;BA;258898107.38;86299369.13;39025892.01
IRMANDADE DA SANTA CASA DE MISERICÓRDIA E MATERNIDADE DONA ZILDA SALVAGNI;SP;252624474.9;84208158.3;39542834.45
UNIMED CALDAS NOVAS - COOPERATIVA DE TRABALHO MEDICO;GO;252446204.9;84148734.97;39684114.54
CAIXA DE ASSISTÊNCIA DOS EMPREGADOS DO BANESE;SE;246118487.19;82039495.73;33808912.01
UNIMED DE REGISTRO COOPERATIVA DE TRABALHO MÉDICO;SP;242481085.49;80827028.5;36666005.09
UNIMED DE MONTE ALTO - COOPERATIVA DE TRABALHO MÉDICO;SP;240801754.27;80267251.42;39970009.48
FILOSANITAS SAUDE LTDA;SP;240613413.68;80204471.23;43432722.66
UNIMED TRÊS PONTAS - COOPERATIVA DE TRABALHO MÉDICO;MG;239448201.33;79816067.11;38887102.08
ASSOCIAÇÃO DOS EMPREGADOS DA COMPANHIA ESTADUAL DE HABITAÇÃO E OBRAS PÚBLICAS - ASSEC;SE;238606914.47;79535638.16;38175418.84
ASSOCIAÇÃO VALEPARAIBANA DE ASSISTÊNCIA MÉDICA POLICIAL;SP;237577972.96;79192657.65;18028190.62
UNIX SAÚDE S.A;BA;235943960.95;78647986.98;34046375.56
UNIMED VALE DO CORUMBÁ COOPERATIVA DE TRABALHO MEDICO;GO;235792499.98;78597499.99;38705973.13
UNIMED REGIONAL DE FLORIANO - COOPERATIVA DE TRABALHO MÉDICO;PI;233747731.33;77915910.44;36160671.45
ASSOCIAÇÃO POLICIAL DE ASSISTÊNCIA A SAÚDE DA BAIXADA SANTISTA;SP;232382201.46;77460733.82;32683728.72
ADVANCE PLANOS DE SAÚDE LTDA;SP;232209439.49;77403146.5;38959721.81
ASSOCIAÇÃO DOS AUDITORES FISCAIS DA RECEITA ESTADUAL DO RIO DE JANEIRO;RJ;231204061.85;77068020.62;33159049.97
UNIODONTO BELÉM - COOPERATIVA DE ASSISTÊNCIA À SAÚDE ODONTOLÓGICA;PA;230524858.99;76841619.66;36864979.73
TRINO - ALIANCA FILANTRÓPICA DE ASSISTÊNCIA E INTEGRAÇÃO PARA O DESENVOLVIMENTO DA SAUDE;ES;230259639.87;76753213.29;41149849.59
UNIMED REGIÃO DA FRONTEIRA - RS COOPERATIVA DE ASSISTÊNCIA À SAÚDE LTDA.;RS;229812292.39;76604097.46;36577967.31
FUNDACAO CAPITAL PREVIDENCIA E SAUDE - CAPITAL PREV;ES;227891816.24;113945908.12;44798955.18
ATÍVIA SERVIÇOS DE SAÚDE S/A;SP;226820302.21;113410151.1;25997417.74
FEDERAÇÃO DAS COOP ODONTOLÓGICAS DO ESTADO DE SANTA CATARINA;SC;224619095.71;74873031.9;39473026.73
PB ASSISTENCIA MEDICA EU LTDA;BA;222883816.25;74294605.42;45124654.91
SV SAUDE ADMINSTRADORES DE PLANO DE SAUDE LTDA;RJ;222494098.83;74164699.61;37270027.19
ASSOCIAÇÃO SANTA CASA CLÍNICAS DE BIRIGUI;SP;221320189.78;73773396.59;36261531.24
ASSOCIAÇÃO POLICIAL DE ASSISTÊNCIA À SAÚDE DE ARAÇATUBA (APAS);SP;217970373.72;72656791.24;31772253.9
UNIMED CACERES COOPERATIVA DE TRABALHO MÉDICO ;MT;215567357.22;71855785.74;28019406.51
UNIMED SUDOESTE PAULISTA COOPERATIVA DE TRABALHO MÉDICO;SP;212618090.21;70872696.74;33400696.19
ASSOCIAÇÃO SAÚDE CONCEIÇÃO;SC;208228090.24;69409363.41;33673085.34
PESSOAL SAÚDE PLANOS DE ASSISTÊNCIA MÉDICA LTDA;SP;206651127.13;68883709.04;31371839.07
MAIS SAUDE S/A;ES;204333522.89;102166761.44;58136698.46
ASSOCIAÇÃO DOS SERVIDORES MUNICIPAIS, ESTADUAIS E FEDERAIS DO RIO DE JANEIRO;RJ;204185161.23;68061720.41;17449478.06
EVANGELICO SAUDE LTDA.;PR;202310046.57;67436682.19;29582088.68
SANTA CASA DE MISERICORDIA HOSPITAL SÃO VICENTE;SP;200503208.93;66834402.98;33762475.36
UNIMED NORTE/NORDESTE-FEDERAÇÃO INTERFEDERATIVA DAS SOCIEDADES COOPERATIVAS DE TRABALHO MÉDICO EM RECUPERAÇÃO JUDICIAL;PB;195463179.54;65154393.18;5912314.78
ASSOCIAÇÃO GOIANA DO MINISTÉRIO PÚBLICO;GO;192810207.96;64270069.32;31656746.4
AME VVIDA PLANOS DE SAUDE INTEGRADO LTDA.;RO;192745775.44;64248591.81;28690076.17
UNIMED REGIÃO DA PRODUÇÃO/RS - COOPERATIVA DE ASSISTÊNCIA À SAÚDE LTDA;RS;192650653.49;64216884.5;33957150.05
COOPERATIVA DOS USUÁRIOS DE SERVIÇOS DE SAÚDE LTDA.;RS;189836377.32;63278792.44;32696054.59
UNIMED ALTO JACUÍ/RS - COOPERATIVA DE ASSISTÊNCIA À SAÚDE LTDA;RS;189724399.76;63241466.59;25363606.03
SOCIEDADE PORTUGUESA DE BENEFICÊNCIA;RS;185520217.56;61840072.52;27291566.85
UNIMED DE JATAÍ COOPERATIVA DE TRABALHO MÉDICO LTDA.;GO;182955736.43;60985245.48;28489866.88
UNIODONTO DE FORTALEZA COOPERATIVA DE TRABALHO ODONTOLOGICO LTDA;CE;181608551.06;60536183.69;29378905.99
SANTA CASA DE MISERICÓRDIA E BENEFICÊNCIA PORTUGUESA;SP;177810972.99;59270324.33;33294891.49
SANTA CASA DE SAÚDE - SCS;ES;169038334.1;56346111.37;27410826.61
CAIXA DE ASSISTÊNCIA DO SINDFISCO - CASSIND;SE;169007446.83;56335815.61;29975172.1
DESBAN - FUNDAÇÃO BDMG DE SEGURIDADE SOCIAL;MG;166816077.63;55605359.21;25452752.46
UNIMED DE PENAPOLIS - COOPERATIVA DE TRABALHO MEDICO;SP;165968478.24;55322826.08;30218646.93
UNIMED PATOS - COOPERATIVA DE TRABALHO MÉDICO;PB;165398659.21;55132886.4;26462034.77
UNIMED DO OESTE DA BAHIA COOPERATIVA DE TRABALHO MÉDICO;BA;164675408.28;54891802.76;21486990.09
UNIODONTO PORTO ALEGRE COOPERATIVA ODONTOLOGICA LTDA;RS;164101645.34;54700548.45;32684480.79
UNIODONTO/RN - COOPERATIVA ODONTOLOGICA DO RIO GRANDE DO NORTE;RN;163905437.34;54635145.78;26052278.47
HOSPITAL DE PRONTOCLINICA LTDA.;RS;161347125.04;53782375.01;22277790.92
FUNASA SAÚDE;PB;161274207.12;53758069.04;23655527.23
UNIODONTO DE SC COOPERATIVA ADMINISTRADORA DE CONTRATOS;SC;160342575.09;53447525.03;25350519.97
UNIODONTO REGIONAL COOPERATIVA ODONTOLOGICA;MG;157529978.68;52509992.89;28650865.14
UNIODONTO PIRACICABA - COOPERATIVA ODONTOLÓGICA;SP;157316395.93;52438798.64;27266201.03
UNIDENTIS ASSISTENCIA ODONTOLOGICA LTDA.;PB;155887750.24;51962583.41;24712002.11
UNIMED SÃO JOÃO NEPOMUCENO COOPERATIVA DE TRABALHO MÉDICO LTDA.;MG;154942624.55;51647541.52;24898352.18
ATITUDE SAÚDE ASSISTÊNCIA MEDICA LTDA;BA;154678182.61;51559394.2;28465084.83
UNIODONTO MACEIÓ COOPERATIVA ODONTOLÓGICA;AL;153477796.02;51159265.34;26116624.32
AURORA SAÚDE LTDA;MG;153136751.09;51045583.7;28956225.75
UNIMED MACHADO COOPERATIVA DE TRABALHO MEDICO;MG;153093603.23;51031201.08;24439510.03
UNIMED VALE DO CARANGOLA COOPERATIVA DE TRABALHO MEDICO LTDA;MG;152157468.05;50719156.02;24571019.88
CARE PLUS ODONTOLOGIA ASSISTENCIAL LTDA.;SP;148512310.21;49504103.4;45178709.77
COOPERATIVA DOS USUÁRIOS DE SERVIÇOS DE SAÚDE DO VALE DO RIO DOS SINOS LTDA;RS;147978383.76;49326127.92;22751076.39
UNIMED DE CORUMBA COOPERATIVA DE TRABALHO MÉDICO;MS;144264903.54;48088301.18;24423768.79
VIVENTERIS LTDA;PR;143894524.15;47964841.38;21110056.17
NACIONAL ODONTO OPERADORA DE PLANOS ODONTOLÓGICOS LTDA.;PE;142626161.42;47542053.81;21170392.35
UNIMED PONTE NOVA COOPERATIVA DE TRABALHO MEDICO LTDA;MG;142558001.71;47519333.9;23945426.89
VIDA TOP MAIS SAÚDE OPERADORA DE PLANOS DE SAÚDE LTDA.;SP;142079800.07;47359933.36;26178380.85
UNIODONTO GOIANIA COOPERATIVA DE CIRURGIÕES DENTISTAS;GO;140985423.28;46995141.09;25013063.88
ASSOCIAÇAO UNISAUDE MARAU;RS;139486473.25;46495491.08;18670996.65
SUL DO PARÁ LTDA;PA;136406824.75;45468941.58;13290774.79
RIO DOCE SAÚDE;ES;135702586.96;45234195.65;22591506.82
ON MED ASSISTÊNCIA MÉDICA LTDA;RS;132776860.71;44258953.57;31349323.53
ASSOCIACAO POLICIAL DE ASSISTENCIA A SAUDE DE PRESIDENTE PRUDENTE (APAS);SP;132550205.59;44183401.86;21467436.75
TOTAL ASSISTÊNCIA MÉDICA HOSPITALAR LTDA;MG;121674120.49;40558040.16;22175407.55
UNIMED MORRINHOS COOPERATIVA DE TRABALHO MEDICO;GO;119111757.75;39703919.25;21330600.4
UNIMED REGIONAL DE PICOS - COOPERATIVA DE TRABALHO MÉDICO;PI;116594384.98;38864794.99;18571546.54
ASSOCIAÇÃO POLICIAL DE ASSISTÊNCIA A SAÚDE;SP;116491849.18;38830616.39;18810671.96
R.M.I. OPERADORA DE SAÚDE INTEGRADA LTDA;SP;116122486.11;58061243.06;16815361.6
ODONTO EMPRESAS CONVENIOS DENTARIOS LTDA.;SP;115487531.26;38495843.75;18180143.35
FUNDAÇÃO PLAMHUV - PLANO MÉDICO HOSPITALAR DOS HOSPITAIS UNIDOS DE VIÇOSA;MG;112853362.45;37617787.48;18789979.97
UNIODONTO DE JOÃO PESSOA COOPERATIVA ODONTOLÓGICA;PB;111411265.16;37137088.39;15849867.28
UNIMED SOUSA - COOPERATIVA DE TRABALHO MÉDICO;PB;106894441.75;35631480.58;14452741.84
CONFIANÇA ASSISTÊNCIA MÉDICO HOSPITALAR LTDA;MG;104642788.4;34880929.47;13458316.74
SEPACO SAÚDE LTDA;SP;104613158.61;34871052.87;7272535.58
HOSPITAL CESAR LEITE;MG;103614685.91;34538228.64;17776559.08
UNIODONTO DO BRASIL CENTRAL NACIONAL DAS COOPERATIVAS ODONTÓLOGICAS;SP;102882014.41;34294004.8;19431567.72
CAIXA DE ASSISTÊNCIA À SAÚDE DOS TRABALHADORES NAS INDÚSTRIAS METALÚRGICAS, MECÂNICAS E DO MATERIAL ELÉTRICO DE BRUSQUE;SC;100985052.27;33661684.09;15590304.94
OPLAN SAÚDE OPERADORA DE PLANO DE SAÚDE LTDA;RJ;100925105.49;33641701.83;17625342.84
ASSOCIAÇÃO DO FISCO DE ALAGOAS;AL;100765622.34;33588540.78;19827274.97
SOCIEDADE DE ASSISTÊNCIA MÉDICA - SAMEISA;RS;100294399.02;33431466.34;15470031.04
ODONTOGROUP SISTEMA DE SAÚDE LTDA.;DF;99525499.56;33175166.52;17293778.22
ASSOCIACAO DE SAUDE HOLAMBRA;SP;99473224.19;33157741.4;18120835.22
UNIMED INTRAFEDERATIVA FEDERAÇÃO REGIONAL SUL DE MINAS;MG;98596467.65;32865489.22;15610870.41
UNIMED CAMPO BELO- COOPERATIVA DE TRABALHO MÉDICO;MG;98100789.77;32700263.26;13876858.62
ASSOCIAÇÃO BENEFICENTE CATÓLICA;MG;97968791.03;32656263.68;14040388.16
ASSOCIAÇÃO DOS FUNCIONÁRIOS FISCAIS DO ESTADO DO AMAZONAS - AFFEAM;AM;97677206.55;32559068.85;19629747.42
CAIXA ASSISTENCIAL UNIVERSITARIA DO RIO DE JANEIRO;RJ;97286243.55;32428747.85;14181335.4
UNIODONTO PAULISTA-FEDERAÇÃO DAS COOPERATIVAS ODONTOLÓGICAS DO ESTADO DE SÃO PAULO;SP;94660625.45;31553541.82;16778042.39
ANGELI SISTEMAS DE SAUDE S.A.;PR;92547564.67;30849188.22;14702499.0
SISTEMA TOTAL DE SAÚDE LTDA.;SP;91634582.05;30544860.68;13416648.37
UNIODONTO DE MANAUS - COOPERATIVA ODONTOLÓGICA LTDA.;AM;91128166.01;30376055.34;14489405.29
HOSPITAL S.P. LTDA.;RS;89546053.12;29848684.37;12595531.97
ASSOCIAÇÃO POLICIAL DE ASSISTENCIA À SAUDE DE SAO JOAO DA BOA VISTA;SP;88859934.91;29619978.3;14219534.07
AME-ASSISTÊNCIA MÉDICA A EMPRESAS LTDA;MG;87883651.21;29294550.4;12321657.29
MEDGOLD ASSISTENCIA MEDICA LTDA - ME;MG;87489274.47;29163091.49;11399156.46
MEDIC GLOBAL PLANOS DE SAÚDE LTDA.;MG;85055039.86;28351679.95;14026495.8
PORTOMED - PORTO SEGURO SERVIÇOS DE SAUDE LTDA;SP;84378878.19;28126292.73;26649832.12
PRONTO SOCORRO CONDE DE MOREIRA LIMA;SP;83636542.27;27878847.42;13039738.52
PLANO ASSISTENCIAL SÃO LUCAS LTDA;MG;83127692.9;27709230.97;9804436.76
PLAMESC PLANOS DE SAÚDE LTDA;RJ;81342000.01;27114000.0;12188508.11
PRIMA VIDA ODONTOLOGIA DE GRUPO LIMITADA;RJ;80159414.57;26719804.86;11549657.18
ORALE ASSISTÊNCIA ODONTOLÓGICA LTDA;BA;79827250.78;26609083.59;11387999.26
ASSOCIACAO POLICIAL DE ASSISTENCIA A SAUDE DE ITAPETININGA;SP;78429179.74;26143059.91;11136075.66
UNIODONTO DE AMERICANA COOPERATIVA ODONTOLÓGICA;SP;78340886.51;26113628.84;12909958.44
VOCÊ TOTAL PLANOS DE SAÚDE LIMITADA;SP;76686873.84;25562291.28;20150026.71
SANTA CASA DE MISERICÓRDIA DE TUPÃ;SP;74640525.49;24880175.16;10375753.34
UNIMED DE BATATAIS - COOPERATIVA DE TRABALHO MÉDICO;SP;72929379.7;24309793.23;10688044.79
COMSEDER - COOPERATIVA DE ASSISTÊNCIA MÉDICA DOS SERVIDORES DA SUPLAN E DO DER LTDA;PB;72503669.01;24167889.67;10660424.81
ASSOCIACAO CIVIL PRÓ-SAÚDE DOS SERVIDORES DA UNIVERSIDADE ESTADUAL DE PONTA GROSSA;PR;71758200.47;23919400.16;11943455.51
ASSOCIAÇÃO UNIVIDA SANTA RITA DO PASSA QUATRO;SP;71447855.98;23815951.99;10632667.1
SERVDONTO - PLANO DE ASSISTÊNCIA ODONTOLÓGICA LTDA;SE;71115048.13;23705016.04;11504719.93
DONA SAÚDE CLINICAS LTDA ;SP;65673368.11;21891122.7;2142314.4
CEDPLAN SAÚDE LTDA EPP;MG;65265171.13;21755057.04;9583789.29
UNIODONTO UBERABA - COOPERATIVA DE ASSISTÊNCIA À SAÚDE ODONTOLÓGICA LTDA;MG;65128624.11;21709541.37;11427127.1
S1 OPERADORA DE PLANO DE SAÚDE LTDA;DF;63480919.02;21160306.34;10342396.3
NOSAMED ASSISTÊNCIA MÉDICA LTDA.;SP;62554172.93;20851390.98;9927192.11
TELOS - FUNDAÇÃO EMBRATEL DE SEGURIDADE SOCIAL;RJ;61467003.38;20489001.13;12613589.37
PLENUM ASSISTENCIA MEDICA  LTDA;DF;61218573.29;30609286.64;13438542.93
UNIMED CAJAZEIRAS - SOCIEDADE COOPERATIVA DE TRABALHO MÉDICO;PB;59796130.91;19932043.64;10064369.98
UNIMED VALE DO URUCUIA - COOPERATIVA DE TRABALHO MEDICO LTDA;MG;59518891.26;19839630.42;9222538.99
FUNDO DE ASSISTÊNCIA MÉDICO-HOSPITALAR DO MINISTÉRIO PÚBLICO;MS;59437418.25;19812472.75;11705862.12
CAIXA BENEFICENTE DOS FUNCIONÁRIOS DO GRUPO IGUAÇU;PR;57617329.65;19205776.55;7959343.82
UNIODONTO DE SOROCABA COOPERATIVA ODONTOLÓGICA;SP;57216492.42;19072164.14;10044821.59
PERSONAL CARE OPERADORA DE SAÚDE SA;SP;56340041.44;28170020.72;7992638.59
ASSOCIAÇÃO POLICIAL DE ASSISTÊNCIA À SAÚDE DE BARRETOS;SP;55843251.31;18614417.1;8562468.45
SEMPRE ODONTO PLANOS ODONTOLOGICOS LTDA;RJ;54522793.52;18174264.51;8284716.39
CARING SAÚDE ASSISTÊNCIA MÉDICA LTDA.;RJ;54216826.86;18072275.62;8913283.41
UNIODONTO DE ARARAQUARA COOPERATIVA ODONTOLÓGICA;SP;53797413.37;17932471.12;9297865.01
UNIODONTO VALE HISTORICO COOPERATIVA ODONTOLOGICA;SP;53607221.06;17869073.69;9241364.58
UNIODONTO DO SUL GOIANO COOPERATIVA ODONTOLOGICA;GO;51663833.13;17221277.71;7530863.89
UNIODONTO DE JUNDIAÍ COOPERATIVA ODONTOLÓGICA;SP;51269536.85;17089845.62;8026020.18
CEAM BRASIL - PLANOS DE SAÚDE LTDA;MG;50904375.7;50904375.7;0.0
SAMIG - SERV. DE ASSISTENCIA MEDICA DA ILHA DO GOVERNADOR LTDA;RJ;48890613.37;16296871.12;4038429.22
ASSOCIAÇÃO POLICIAL DE ASSISTÊNCIA À SAÚDE DE PRESIDENTE VENCESLAU;SP;48492691.0;16164230.33;7313128.15
CAMIM OPERADORA DE PLANO DE SAÚDE LTDA;RJ;48016641.09;16005547.03;5575054.04
ASSOCIAÇÃO POLICIAL DE ASSISTÊNCIA À SAÚDE DE DRACENA;SP;47718681.48;15906227.16;8154690.78
ASSOCIAÇÃO DOS SERVIDORES PÚBLICOS DA ADMINISTRAÇÃO DIRETA DO GOVERNO DO ESTADO DO PARÁ - ASPARÁ;PA;46777229.82;15592409.94;7815279.37
ODONTOART PLANOS ODONTOLÓGICOS LTDA;CE;46444401.18;15481467.06;7707746.79
PLANO DE ASSISTÊNCIA MÉDICA MINEIRA LTDA;MG;46378825.07;15459608.36;8103158.87
UNIODONTO ESPIRITO SANTO COOPERATIVA ODONTOLOGICA;ES;45733847.38;15244615.79;7523244.4
ASSOCIAÇÃO POLICIAL DE ASSISTÊNCIA À SAÚDE - VALE DO RIBEIRA;SP;45496331.86;15165443.95;4101462.53
ASSOCIAÇÃO HOSPITAL SAÚDE DE VARGEM GRANDE DO SUL;SP;45480136.39;15160045.46;6678933.51
COOPERATIVA ODONTOLÓGICA POÇOS DE CALDAS;MG;45275802.7;15091934.23;6992283.33
UNIODONTO MARINGA COOPERATIVA ODONTOLOGICA;PR;45050459.88;15016819.96;7439742.72
PLANO VIDA SAUDE SERVIÇOS ODONTOLOGICOS LTDA;SE;44517903.97;14839301.32;7510242.72
DENTALPAR ASSISTÊNCIA ODONTOLÓGICA EMPRESARIAL LTDA.;SP;44268673.72;14756224.57;7095747.88
PRESERVE SAUDE ASSISTENCIA MEDICA LTDA;BA;43611238.12;14537079.37;6323437.59
SD-M OPERADORA DE PLANOS DE SAUDE LTDA;RJ;43049475.9;14349825.3;6640425.06
VALE PLANOS DE SAÚDE LTDA;PE;42265403.93;14088467.98;11242874.9
ASSOCIAÇÃO SAÚDE RURAL ALEGRETE;RS;41423620.14;13807873.38;8037311.44
ASSOCIAÇÃO POLICIAL DE ASSISTÊNCIA À SAÚDE DE JAÚ;SP;40440982.41;13480327.47;4669784.34
CAIXA DE ASSISTÊNCIA DOS EMPREGADOS DO SETOR PÚBLICO DO ESTADO DE GOIÁS - CAEME;GO;39980216.11;13326738.7;6606163.18
UNIODONTO DE LONDRINA COOP. ODONTOLÓGICA;PR;39664374.11;13221458.04;6394393.26
UNIODONTO DE PRESIDENTE PRUDENTE COOPERATIVA ODONTOLOGICA;SP;39239164.5;13079721.5;3439353.96
DENTAL CENTER LTDA;PB;37880995.88;12626998.63;5996297.99
ASSOCIACAO DOS SERVIDORES DA EMDAGRO - ASSEM;SE;37700030.43;12566676.81;5868048.91
UNIODONTO JACAREÍ COOPERATIVA ODONTOLÓGICA;SP;37533596.36;12511198.79;6224830.41
ASSOCIAÇÃO POLICIAL DE ASSISTÊNCIA À SAÚDE APAS;SP;37234346.12;12411448.71;3225637.57
COOPERATIVA ODONTOLÓGICA DO ESTADO DO AMAPÁ;AP;36596411.12;12198803.71;6182832.15
ASSOCIAÇÃO POLICIAL DE ASSISTENCIA A SAUDE DE BOTUCATU;SP;36371905.91;12123968.64;7864882.38
BENEFICENCIA SOCIAL BOM SAMARITANO;MG;35763311.2;11921103.73;6264340.61
AESP ODONTO ASSISTÊNCIA ODONTOLÓGICA S/S LTDA EPP;SP;35420235.2;11806745.07;6860909.91
RODRIGUES LEIRA ODONTOLOGIA LTDA.;SP;35193576.26;11731192.09;6135493.96
SANTA CASA DE MISERICÓRDIA E ASILO DOS POBRES DE BATATAIS;SP;35019932.46;11673310.82;4547833.63
HSMED SAUDE LTDA;RJ;35014520.9;11671506.97;5479063.85
ODONT-OPERADORA ODONTOLOGICA LTDA;SP;33741872.95;11247290.98;4035253.11
MH VIDA - OPERADORA DE PLANOS DE SAÚDE LTDA;RJ;33226785.76;11075595.25;6023685.53
PD BRASIL ASSISTENCIA ODONTOLOGICA LTDA;MG;32400246.04;10800082.01;4065626.47
UNIODONTO RS FEDERACAO DAS UNIODONTOS DO RGS LTDA;RS;31902802.39;10634267.46;4520347.4
DENTAL MASTER LTDA - EPP;AL;30593012.82;10197670.94;5013299.23
DENTAL PLUS CONVÊNIO ODONTOLÓGICO LTDA.;SP;30411079.99;10137026.66;4826391.28
ÔNIX OPERADORA DE PLANOS DE SAÚDE LTDA;RJ;29258588.31;9752862.77;4006111.0
YOU ASSISTÊNCIA MÉDICA LTDA.;MG;28506600.32;28506600.32;0.0
SALUSMED OPERADORA DE PLANOS DE SAUDE LTDA;SP;28392018.37;9464006.12;6394839.17
UNIODONTO DE SERTAOZINHO SP COOPERATIVA ODONTOLOGICA;SP;27835654.12;13917827.06;4154830.24
ODONTOLIVE OPERADORA DE PLANOS ODONTOLÓGICOS LTDA.;SP;27802388.7;9267462.9;5194615.75
UNIODONTO DE PINDAMONHANGABA COOP ODONTOLOGICA;SP;27690276.51;9230092.17;2617283.0
DENTAL GOLD ASSISTÊNCIA ODONTOLÓGICA LTDA.;PB;27473367.56;9157789.19;4353247.05
ASSOC DE ASSIST À SAÚDE DOS SERV DAS UNIV E INST FED, EST E/OU FAC PART EM PE;PE;26664178.19;8888059.4;3171218.98
PORTO DIAS SAUDE LTDA.;PA;25166687.8;8388895.93;3950648.38
ASSOCIAÇÃO PADRE PIO PLANOS DE SAÚDE;SP;24146840.49;8048946.83;3519359.71
COOPERATIVA DE TRABALHO ODONTOLOGICO - UNIODONTO ITAJUBÁ;MG;23514952.25;7838317.42;4341202.67
PREVENT SENIOR CORPORATE OPERADORA DE SAÚDE LTDA.;SP;22990596.67;7663532.22;3011949.42
ASSOCIAÇÃO SERVIÇOS ODONTOLÓGICOS DA INDÚSTRIA DE MINAS GERAIS - ODONTOINDUSTRIA;MG;22558604.75;7519534.92;3531946.09
FUNDO DE ASSISTÊNCIA À SAÚDE DOS FUNCIONÁRIOS DO BEC;CE;21823988.19;7274662.73;2565335.3
UNIMED VALE DO PARAÍBA - FEDERAÇÃO INTRAFEDERATIVA DAS COOPERATIVAS MÉDICAS;SP;21677572.56;7225857.52;2403743.56
CENTRO DE ENDOCRINOLOGIA DE JUNDIAÍ S/S LTDA;SP;21340376.78;7113458.93;3128120.02
ASSOCIAÇÃO DOS FISCAIS DE TRIBUTOS ESTADUAIS DO RS - AFISVEC;RS;20621297.75;6873765.92;3824686.94
PLANO DE ASSISTÊNCIA ODONTOLÓGICA FAUCHARD LTDA. ME;BA;18557869.99;6185956.66;3321123.71
HEALTH-MED SISTEMA DE SAUDE LTDA;RJ;17951642.65;5983880.88;3476270.62
QUALIDONTO - QUALIDADE EM ODONTOLOGIA LTDA ;BA;17162832.99;5720944.33;3476803.05
UNIODONTO DE MATO GROSSO COOP TRAB ODONTOLOGICO LTDA;MT;17077199.55;5692399.85;2557358.18
BLUZZ SAÚDE S/A;ES;17056630.59;5685543.53;5009651.71
SANTA CASA DA MISERICÓRDIA DE SÃO JOÃO DEL REI;MG;16918877.41;5639625.8;1678653.75
CAIXA SEGURADORA ESPECIALIZADA EM SAÚDE S/A;SP;15885402.46;5295134.15;1582405.47
MEDHEALTH PLANOS DE SAÚDE LTDA;PR;15052433.03;5017477.68;2514859.58
ODONTO SEG OPERADORA DE PLANOS ODONTOLOGICOS S.A.;SP;14263588.72;4754529.57;1979808.39
HOSPITAL DE CARIDADE SÃO VICENTE DE PAULO;PR;12878415.77;4292805.26;188028.72
SAME-SERVIÇO DE ASSISTÊNCIA MÉDICA EMPRESARIAL LTDA.;MA;12736608.74;4245536.25;1618888.63
CROWN ODONTOLOGIA DE GRUPO LTDA;SP;10955023.76;3651674.59;1455955.58
ODILE SERVIÇOS DE SAÚDE LTDA.;SP;10862971.23;3620990.41;1497869.7
INNOVA PLANO DE SAUDE LTDA;RO;10848091.87;5424045.94;4666680.21
NOVODENTE S/A;RS;10447973.77;10447973.77;0.0
SORRIDEN CONVÊNIOS ODONTOLÓGICOS S.A.;SP;10324732.24;3441577.41;1366580.84
CASA DE SAÚDE NOSSA SENHORA DE FÁTIMA  LTDA.;CE;9931125.83;3310375.28;1634010.63
SISTEMA PREVSAUDE DENTAL LTDA;CE;9654948.95;3218316.32;1547370.29
INFINITY SAÚDE SUPLEMENTAR LTDA;MT;9616283.12;3205427.71;2162562.02
PLAMEDH - PLANO DE ASSISTÊNCIA MÉDICO-HOSPITALAR LTDA;MG;8161426.81;4080713.4;740848.78
UNIVIDA USA OPERADORA EM SAUDE S/A;SP;7079237.2;2359745.73;1383333.19
UNIMED ALTO PARANAIBA COOPERATIVA DE TRABALHO MEDICO;MG;6820531.01;2273510.34;809027.79
ZURICH SANTANDER BRASIL ODONTO LTDA.;SP;6698418.64;2232806.21;602980.02
BRASIL ODONTO OPERADORA DE PLANOS ODONTOLÓGICOS LTDA;TO;6428611.01;2142870.34;937339.06
ALMA ODONTO OPERADORA DE PLANOS ODONTOLOGICOS LTDA;SP;6013158.16;2004386.05;350303.73
SMART CARE SISTEMAS MÉDICOS E ODONTOLÓGICOS LTDA.;SP;5745191.92;2872595.96;90.09
PLANO SIGMA SAÚDE LTDA;SP;5142541.45;2571270.72;260678.99
EXCELÊNCIA PLANO DE SAÚDE S/A;ES;5016396.33;1672132.11;2655786.92
G & M ASSESSORIA MEDICA EMPRESARIAL LTDA;RJ;5009955.63;1669985.21;733224.89
POLIMÉDICA SAÚDE SOCIEDADE SIMPLES LTDA;RS;4936946.05;1645648.68;627864.91
ODONTO PRIME S/S LTDA;CE;4857944.4;1619314.8;794498.32
BEMSTAR ASSISTENCIA MEDICA LTDA;BA;4754937.77;1584979.26;343125.53
BIORAL SISTEMA ODONTOLÓGICO LTDA.;SP;4612366.5;1537455.5;88920.34
SAUDIA ASSISTENCIA MÉDICA LTDA;MG;3975998.7;1325332.9;1071774.94
QUALICORP ADMINISTRADORA DE BENEFÍCIOS S.A.;SP;3879567.41;1939783.7;2649582.57
ASSISTÊNCIA MÉDICA 12 DE OUTUBRO LTDA;SP;3529987.05;1176662.35;707619.76
UNIMED FEDERAÇAO DO ESTADO DO MATO GROSSO;MT;2774148.1;924716.03;95124.98
INTERCLINICAS PLANO VIDA USA OPERADORA DE SAUDE LTDA;SP;2537854.03;845951.34;431756.1
LIVRI OPERADORA DE PLANO DE SAÚDE LTDA;SP;1760697.55;586899.18;228741.05
CLÍNICA SÃO GABRIEL S/S LTDA;SP;1389079.65;463026.55;234370.22
EVO SAUDE ASSISTENCIA MEDICA LTDA;DF;861805.86;287268.62;437631.61
SAGRADA SAÚDE ASSISTÊNCIA MÉDICA LTDA;MG;785669.03;261889.68;223958.68
PLURAL GESTÃO EM PLANOS DE SAÚDE LTDA;RJ;478569.42;159523.14;147858.55
SOCIODONTO PLANO DE ASSISTÊNCIA ODONTOLÓGICA LTDA;MG;317622.95;158811.47;176297.98
UNIMED PARAIBA - FEDERAÇAO DAS SOCIEDADES COOPERATIVAS DE TRABALHO MEDICO;PB;310892.39;103630.8;15547.59
SAUDE SALV ASSISTENCIA MEDICA LTDA;RO;222347.58;222347.58;0.0
VITTA SAUDE ADMINISTRADORA DE BENEFICIOS LTDA.;SP;53132.41;26566.2;3121.88
ARL ADMINISTRADORA DE BENEFÍCIOS LTDA.;SP;28400.0;14200.0;0.0
CENTRAL OPERADORA DE PLANOS DE SAÚDE NORTE-NORDESTE LTDA;PB;14360.52;4786.84;0.0
MAXIMED PLANOS DE SAUDE LTDA;RJ;1.0;1.0;0.0
